{"Cost": 0.356639657076532, "Theta": [[2.688135627492955, 1.8733563447791703, 2.9438517310107457, -4.344242022551123, -3.0447563848761807, -3.6361091472614855, 0.712570764492343, -1.175568539399658, -0.967602685394014, -0.2329880657525106, -3.394608826022476, -0.06576792879574796, -1.6531710241074995, -1.063914458540173, -2.8025503362691655, -0.4477728947836186, -0.6090552138472873, 0.06076951129732263, -0.8701394788959227, -1.0369418672601303, -0.6352158304249365, -2.5607195363995046, 0.13338106808735742, -0.7654273381118081, 0.0901752289593007, -0.9274636043312748, -0.6839578068915394, -1.8530387350647526]]}