{"Cost": 2043280050.6028283, "Theta": [[340412.6595744681, 109447.79646964182, -6578.35485416127]]}